cctv_id,areacode,district,address,latitude,longitude
1,C000002,板橋區,文化路1段、民生路(下大漢橋),25.022613,121.467942
2,C000003,板橋區,縣民大道、民生路,25.018879,121.470993
3,C000004,三重區,重陽路、三和路(國1三重交流道),25.072586,121.494106
4,C000005,三重區,台北橋(環河快速道路上匝道匯流處),25.063614,121.506065
5,C000006,三重區,忠孝橋(往台北方向避車彎),25.054365,121.496268
6,C000007,三重區,中興橋(環河快速道路上匝道匯流處),25.047974,121.494003
7,C000008,淡水區,民權路、187巷前200公尺,25.132069,121.458524
8,C000011,土城區,中央路、大安路(土城交流道),24.96524,121.432984
9,C000012,板橋區,中山路、漢生東路,25.013277,121.468657
10,C000013,板橋區,縣民大道二段198號中央分隔島,25.017215,121.469114
11,C000014,板橋區,縣民大道、板橋火車站前(新府路往前60公尺中央分隔島),25.013888,121.464632
12,C000016,三峽區,介壽路、中正路(復興路),24.931392,121.376299
13,C000017,鶯歌區,三鶯大橋、文化路交接處,24.945787,121.352725
14,C000018,三峽區,復興路、三鶯交流道(高速公路東側),24.938579,121.361428
15,C000019,板橋區,大漢橋(環河路上方),25.032998,121.46296
16,C000020,板橋區,民生路、中山路,25.015711,121.473477
17,C000021,板橋區,台64線、板新路上方,25.011917,121.477188
18,C000022,板橋區,中山路、三民路,25.018772,121.479246
19,C000023,板橋區,新海橋(堤防上方),25.03059,121.456104
20,C000024,板橋區,四川路、中央路,24.993511,121.450033
21,C000025,板橋區,中山路一段、158巷,25.01202,121.466005
22,C000026,三重區,重新路、重陽路,25.056459,121.486658
23,C000027,新莊區,中正路、思源路,25.039081,121.460526
24,C000028,中和區,台64線於錦和路上方,24.994198,121.490362
25,C000029,中和區,中正路、中山路,25.005103,121.484056
26,C000030,中和區,中正路、連城路,24.996335,121.485109
27,C000031,中和區,華中橋(環河西路上方),25.007818,121.495411
28,C000032,林口區,文化一路、林口交流道,25.065982,121.368497
29,C000033,新店區,寶橋路235巷,24.978978,121.551606
30,C000034,板橋區,文化路2段、民生路2段(文化路中央分隔島),25.023203,121.468443
31,C000036,三重區,重陽路2段46號前中央分隔島,24.961448,121.537139
32,C000037,板橋區,光復橋,25.02255,121.486167
33,C000038,八里區,中華路、商港路口(2),25.143997,121.397676
34,C000039,板橋區,台64線萬板路上方,25.01983,121.470233
35,C000040,中和區,中正路、連城路2,24.996033,121.485117
36,C000041,新店區,安和路、中安大橋,24.979429,121.516745
37,C000042,新店區,環河路、中正路(大鵬華城),24.991722,121.533292
38,C000043,新店區,北新路1段、安康路1段,24.961962,121.539064
39,C000044,新店區,北新路1段、民權路,24.982946,121.541251
40,C000045,新店區,北新路88巷前,24.967879,121.541563
41,C000046,汐止區,大同路1段、民權街,25.054932,121.621554
42,C000047,汐止區,大同路1段、南陽街,25.054949,121.63084
43,C000048,汐止區,大同路1段、新台五路1段,25.056958,121.63328
44,C000049,汐止區,汐止新台五路1段、國道三號下匝道,25.055824,121.637046
45,C000050,汐止區,汐止新台五路1段、國道三號上匝道,25.060418,121.645384
46,C000051,汐止區,大同路2段、汐萬路1段,25.066811,121.656112
47,C000052,板橋區,文化路2段、雙十路,25.029787,121.472173
48,C000053,板橋區,文化路、新站路,25.016232,121.463035
49,C000054,板橋區,民生路、萬板路,25.020297,121.469901
50,C000056,永和區,永和路、中山路(中正路),25.010331,121.514534
51,C000057,永和區,中正路、福和路,25.007383,121.516898
52,C000058,永和區,中正路、永貞路,25.004174,121.517175
53,C000060,中和區,板南路、中正路161巷,24.993552,121.498281
54,C000061,中和區,南山路、興南路一段,24.986458,121.507914
55,C000064,中和區,中正路、中興街,24.993498,121.500091
56,C000066,三重區,重新路、中正南路,25.061019,121.493268
57,C000067,三重區,重新路、福德北路,25.063927,121.502551
58,C000068,三重區,自強路、重陽路,25.068649,121.490559
59,C000069,三重區,重安街、中正南路,25.055812,121.493383
60,C000070,三重區,重陽路、中山路,25.061335,121.486762
61,C000071,蘆洲區,蘆洲區永安南路、中山一路,25.076387,121.468363
62,C000072,蘆洲區,蘆洲區集賢路、三和路,25.080682,121.479692
63,C000073,蘆洲區,蘆洲區三民路、中山一路,25.081683,121.476088
64,C000074,三重區,新北環快，三重龍門路與環快匝道交會處,25.07439,121.502877
65,C000075,三重區,新北環快，南下3K+880門架,25.047172,121.484424
66,C000076,板橋區,新北環快，南下5K+232板橋匝道分流處,25.039789,121.480651
67,C000077,八里區,臨港大道,25.1540246,121.3972477
68,C000079,三重區,新北環快，北上2K+900中興橋上環快主線,25.051622,121.493425
69,C000080,三重區,新北環快，北上3K+420台北中興橋匝道分流,25.047848,121.488866
70,C000082,板橋區,新北環快，北上5K+015(重翠橋中段),25.042254,121.479864
71,C000083,板橋區,新北環快，北上6K+871萬華匝道分流處,25.025923,121.48437
72,C000084,中和區,新北環快，北上8K+240中和光環路上匝道口,25.01589,121.487095
73,C000085,三重區,三重區環河南路重安街口,25.054172,121.496342
74,C000086,三重區,新北環快，三重成功路平面匝道口(雙向),25.04934,121.490561
75,C000087,三重區,新北環快，福德南路平面匝道口,25.061525,121.503199
76,C000088,板橋區,新北環快，北上5K+733,25.036612,121.481323
77,C000089,板橋區,新北環快，南下5K+733台64上主線匝道口,25.037238,121.481516
78,C000091,板橋區,新北環快，北上7K+388,25.021004,121.485829
79,C000092,八里區,挖子尾街與忠孝路,25.165047,121.411235
80,C000094,三重區,新北環快，北上3K+791.5三重成功路匝道分流,25.046998,121.487052
81,C000095,三重區,新北環快，南下斜張橋北側(人行步道),25.047555,121.481489
82,C000096,三重區,新北環快，北上4K+080,25.047175,121.48297
83,C000097,三重區,新北環快，北上斜張橋南側(人行步道),25.047137,121.481805
84,C000098,三重區,新北環快，南下4K+168.5新莊匝道分流處(往新莊環河路),25.047302,121.481805
85,C000099,土城區,土城區城林路、亞洲路,24.975419,121.437099
86,C000100,板橋區,台65線7.6K處,25.000834,121.452055
87,C000102,新莊區,新莊區中環路、中原路,25.054348,121.442327
88,C000103,新莊區,新莊區中環路、新泰路,25.046176,121.442361
89,C000104,新莊區,新莊區中環路、幸福路,25.049141,121.442311
90,C000105,新莊區,新莊區中環路、中正路,25.034137,121.441916
91,C000106,泰山區,泰山區中山路、貴子路,25.040164,121.429527
92,C000107,泰山區,泰山區中山路、泰林路,25.052346,121.438563
93,C000108,新莊區,新莊區中正路、新泰路,25.035346,121.448911
94,C000109,新莊區,新莊區中華路、中原路,25.054497,121.451999
95,C000110,新莊區,新莊區中華路、幸福路,25.049178,121.452562
96,C000111,三重區,新北環快，忠孝橋三重端上方,25.054302,121.496627
97,C000112,新莊區,新莊區台1高架，中山路思源路口(中山路東向上方),25.060471,121.459951
98,C000113,泰山區,泰山區台1高架，民生路上、下匝道口(既有F型鋼構),25.046975,121.434763
99,C000114,泰山區,泰山台65線泰山交流道(西),25.06353,121.439081
100,C000115,板橋區,板橋區環河路、湳仔橋(環河路170號前號誌桿上),25.000875,121.451682
101,C000116,板橋區,"板橋區 縣民大道、板城路",25.003719,121.452948
102,C000118,永和區,永和區環河西路二段與新生路210巷口(平面),25.013466,121.505188
103,C000119,永和區,永和區環河西路二段與新生路210巷口(高架),25.013536,121.505211
104,C000120,永和區,永和區環河西路一段95巷4弄3號前(高架),25.017572,121.511528
105,C000121,永和區,永和區環河西路一段85巷前(高架),25.018063,121.51266
106,C000122,永和區,永和區環河東路一段、光復路口,25.017768,121.516686
107,C000123,永和區,永和區環河東路一段170號、竹林路75巷4弄口,25.014273,121.521529
108,C000124,永和區,永和區環河東路二段、豫溪街191巷口(往新店側),25.010496,121.524094
109,C000125,永和區,永和區環河東路二段、豫溪街191巷口(往板橋側),25.010484,121.524057
110,C000127,永和區,永和區環河東路三段、民樂街39巷口(天琴大樓)往新店側,25.000512,121.529005
111,C000129,新店區,中興路三段與寶中路口(中央分隔島),24.97905,121.5449
112,C000130,新店區,中興路三段與寶橋路口(往台北路側),24.97838,121.5454
113,C000131,板橋區,板橋區浮洲橋上(路燈桿上)，環河道路上方近樹林,24.995423,121.435241
114,C000132,板橋區,板橋區三民路與中正路(北側號誌桿上),25.01134,121.478724
115,C000133,板橋區,板橋區三民路、縣民大道(華翠橋)(南側路燈桿上),25.024018,121.47838
116,C000135,永和區,永和區永福橋上(環河東路三段上方),25.009123,121.525265
117,C000136,永和區,永和區福和橋上(環河東路三段上方)(路燈桿上),25.005973,121.527282
118,C000137,永和區,永和區林森路、永元路口(南側號誌門架上),25.003406,121.522819
119,C000138,永和區,永和區福和路與永貞路口(南側警用桿上),25.007801,121.520781
120,C000139,中和區,中和區景平路、環河東路口(秀朗橋門架上),24.990142,121.527196
121,C000140,中和區,中和區中山路、漢民路口(南側號誌桿上),25.006517,121.472415
122,C000141,中和區,中和區中山路、中和路口(中山路行人陸橋上),25.002647,121.499516
123,C000142,中和區,中和區中和路、景安路口(西側號誌桿上),24.999614,121.508142
124,C000143,中和區,中和區中山路、建一路口(南側號誌桿上),25.004806,121.48795
125,C000144,中和區,中和區中正路、錦和路口(東側號誌桿上),24.994304,121.490525
126,C000145,土城區,土城區台65高架上(中央路三段與大安路口上方)(西側路燈桿上),24.966393,121.432718
127,C000146,土城區,土城區中央路三段、中華路二段口(北側號誌桿上),24.968513,121.438126
128,C000147,新店區,新店區中正路、復興路口(南側號誌桿上),24.988022,121.533741
129,C000148,新店區,新店區中興路三段、寶慶街口(北側號誌桿上),24.986748,121.542015
130,C000149,新店區,新店區中興路二段、國道3號匝道口(東側號誌桿上),24.971859,121.54739
131,C000150,新店區,新店區北新路二段、寶橋路口(南側號誌桿上),24.973512,121.542982
132,C000151,新店區,新店區環河路、中央路口(東側號誌桿上),24.972287,121.529106
133,C000152,新店區,新店區環河路、中山路口(南側號誌門架上),24.97786,121.523636
134,C000153,新店區,新店區安康路一段、華城路口(北側號誌桿上),24.961082,121.530599
135,C000154,新店區,新店區北宜路二段、新烏路口(北側號誌桿上),24.952046,121.54754
136,C000155,新店區,新店區北新路三段、順安街口(南側號誌桿上),24.984706,121.540942
137,C000156,新店區,新店區安康路二段與安和路一段,24.964078,121.516918
138,C000157,深坑區,深坑區新光路二段、文山路三段(西側號誌桿上),25.002122,121.599961
139,C000158,石碇區,文山路一段與國五南下匝道口(西側號誌桿上),25.008549,121.646921
140,C000159,八里區,八里區龍米路一段65巷口(西側號誌桿上),25.121949,121.455461
141,C000160,淡水區,淡水區民權路、民富街口(南側號誌桿上),25.140341,121.459629
142,C000162,新莊區,新莊區中山路、中正路口(南側號誌桿上),25.023279,121.414093
143,C000163,新莊區,新莊區新五路、中山路口(北側號誌桿上),25.057553,121.443104
144,C000164,三重區,三重區自強路五段、仁義街口,25.0828,121.496117
145,C000165,三重區,三重區重新路二段、正義北路口(西側號誌桿上),25.062276,121.497908
146,C000166,三重區,三重區集賢路、三信路口(西側號誌桿上),25.089165,121.491407
147,C000167,蘆洲區,蘆洲區成蘆大橋環河分流點(西側路燈桿上),25.095966,121.459274
148,C000168,五股區,五股區中興路四段、新五路二段(北側號誌桿上),25.082179,121.44037
149,C000169,林口區,林口區文化北路一段、八德一路口,25.066047,121.355428
150,C000170,三峽區,三峽區復興路、國3南下匝道口(西側號誌桿上),24.939876,121.357758
151,C000171,汐止區,汐止區新台五路一段、新興路口,25.063695,121.656929
152,C000172,淡水區,淡水區民權路、自強路口,25.124679,121.463057
153,C000174,淡水區,淡水區中正東路一段3巷口,25.1648,121.450498
154,C000175,淡水區,淡水區淡金路中正東路口,25.157947,121.457974
155,C000176,淡水區,淡水區中正路、中山路口,25.169121,121.444565
156,C000178,淡水區,淡水區文化路、新生街,25.172931,121.438821
157,C000179,淡水區,淡水區中山北路三段、淡金路口,25.197602,121.446215
158,C000184,林口區,林口區文化二路忠孝二路,25.06906,121.365747
159,C000185,林口區,林口區文化三路一段191巷,25.069989,121.362308
160,C000186,三峽區,三峽區復興路隆恩街,24.940456,121.356657
161,C000187,三峽區,三峽區復興路、學成路(國慶路口),24.938951,121.368245
162,C000188,土城區,土城區城林路中華路,24.975245,121.438694
163,C000189,汐止區,汐止區大同路禮門街,25.067086,121.656913
164,C000192,八里區,八里區臨港路商港路口,25.150365,121.392728
165,C000193,八里區,八里區中華路商港路口,25.144049,121.397604
166,C000194,三重區,三重區台1高架，重新路上分路燈桿,25.058405,121.489306
167,C000195,新莊區,新莊區台1高架，化成路上方門架,25.061214,121.464651
168,C000196,新莊區,新莊區台1高架，中信街上方門架,25.059476,121.446693
169,C000197,五股區,五股區成泰路洲后路,25.10378,121.452856
170,C000199,五股區,"五股區台65往南,O K門架",25.065548,121.438031
171,C000200,三重區,"三重區台1高架,疏洪東路上方門架",25.061489,121.479614
172,C000201,三重區,三重區重新路2段92號(CMS共構),25.061864,121.497028
173,C000202,三重區,三重區成功路106-2號(CMS共構),25.051648,121.487342
174,C000203,三重區,三重區重新路四段184巷(CMS共構),25.055126,121.486273
175,C000204,坪林區,坪林區國中路1號旁(消防隊),24.93647,121.712583
176,C000205,坪林區,坪林區國中路坪林管制站前(往國5),24.941763,121.712555
177,C000206,板橋區,板橋區新北環快、環河西路匝道,25.037936,121.477986
178,C000207,新莊區,新莊區中正路、思源路(大漢橋匝道),25.039883,121.460015
179,C000208,板橋區,板橋區縣民大道、館前西路,25.006919,121.457919
180,C000209,板橋區,板橋區中山路、重慶路,25.008394,121.460276
181,C000210,板橋區,板橋區縣民大道、南雅南路,25.003997,121.45487
182,C000211,泰山區,泰山台65線泰山交流道(東),25.063715,121.439304
183,C000212,泰山區,泰山區新五路台1高架入口,25.059432,121.441485
184,C000213,三芝區,三芝區淡金公路(台2)、淡金路1段(往三芝市區),25.25976,121.49806
185,C000214,三芝區,"三芝區台2、白沙灣風景區(約台2 22K+800處)",25.28247,121.51989
186,C000215,板橋區,板橋區民生路三段119巷(號誌控制器旁L桿),25.02717,121.46552
187,C000216,三峽區,三峽區介壽路二段(台3)、龍埔路,24.93502,121.39022
188,C000217,樹林區,樹林區中山路二段、中華路(大安路),24.98075,121.41047
189,C000218,樹林區,樹林區柑園街一段、柑園二橋,24.96197,121.40599
190,C000219,樹林區,樹林區環河路、柑園二橋,24.96929,121.40465
191,C000220,樹林區,樹林區佳園路三段、學府路,24.95127,121.38692
192,C000221,鶯歌區,鶯歌區文化路、尖山路,24.95065,121.35232
193,C000222,鶯歌區,鶯歌區中山高架橋、西湖街,24.95819,121.34027
194,C000223,新店區,新店區順安街、寶慶街(景美橋),24.98679,121.54078
195,C000224,鶯歌區,鶯歌區鶯桃路、福德一路,24.96756,121.33083
196,C000226,瑞芳區,瑞芳區台2、台2丁,25.12097,121.82209
197,C000227,瑞芳區,瑞芳區台2、台62出口,25.12263,121.81948
198,C000228,瑞芳區,瑞芳區台2、北34,25.12248,121.86383
199,C000230,瑞芳區,瑞芳區台2丁、明燈路二段,25.10745,121.80933
200,C000231,瑞芳區,瑞芳區台2丁、台62瑞芳一匝道,25.11002,121.79647
201,C000232,瑞芳區,瑞芳區瑞金公路、基山街,25.10995,121.84514
202,C000233,瑞芳區,瑞芳區瑞金公路、北35,25.1096,121.84285
203,C000234,樹林區,樹林區佳園路三段66巷,24.952058,121.387454
204,C000235,貢寮區,貢寮區興隆街(台2)、下雙溪街(台2丙),25.019,121.93325
205,C000236,金山區,金山區環金路(台2)、中山路,25.2174,121.64168
206,C000237,金山區,金山區台2、台2甲,25.22131,121.63183
207,C000238,鶯歌區,鶯歌區鶯桃路、鶯歌路,24.968084,121.330467
208,C000239,萬里區,萬里區台2、瑪鍊路,25.18229,121.68828
209,C000240,萬里區,萬里區台2、玉田路(近明光港測),25.20137,121.67429
210,C000241,萬里區,萬里區景美路、中福路,25.1756,121.6877
211,C000242,萬里區,萬里區台2、玉田路(近翡翠灣飯店),25.18758,121.68323
212,C000243,汐止區,汐止區新台五路、國3北上出口匝道,25.05645,121.64019
213,C000244,汐止區,汐止區工建路、新社后橋,25.0625,121.6367
214,C000246,新店區,新店區環河路、安康路(碧潭大橋),24.96133,121.53715
215,C000247,中和區,中和景平路、成功路(中央分隔島),24.990329,121.525775
216,C000248,五股區,五股區成蘆橋(防汛道路正上方),25.10215,121.45381
217,C000249,三重區,三重區重陽橋,25.08453,121.49922
218,C000250,蘆洲區,蘆洲區永安大橋,25.08147,121.45507
219,C000251,板橋區,板橋區城林橋(板橋端),24.98072,121.42884
220,C000252,八里區,八里區關渡大橋(八里龍米路上方門架),25.12433,121.45507
221,C000253,新莊區,中正路、建國一路,25.03244,121.43363
222,C000254,板橋區,板橋區新北環快華江橋上方,25.03585,121.48147
223,C000255,新莊區,新莊區環河道路、21號越堤道,25.0018,121.43551
224,C000256,三重區,三重區台1高架與重陽路上方,25.06148,121.48676
225,C000257,三重區,三重區重新橋(新莊端),25.04956,121.47969
226,C000258,泰山區,泰山區泰林路二段、大科路,25.06487,121.42005
227,C000259,新莊區,新莊區建國一路138號(新莊好市多),25.027186,121.434934
228,C000261,五股區,五股區新五路、自強路口,25.074076,121.437103
229,C000262,五股區,五股區新五路、蓬萊路口,25.078554,121.438498
230,C000263,林口區,林口區文化一路1段、仁愛路2段路口,25.07448,121.37757
231,C000264,林口區,林口區文化一路1段、忠孝路口,25.06961,121.3712
232,C000265,林口區,林口區南勢街、南勢六街口,25.076588,121.35703
233,C000266,林口區,林口區文化三路1段、八德路口,25.0656,121.36122
234,C000267,林口區,林口區中山路、粉寮路1段路口,25.07816,121.3967
235,C000268,三重區,三重區光復路2段、疏洪西路,25.06205,121.47215
236,C000269,五股區,五股區成泰路4段22巷口,25.10692,121.45342
237,C000270,中和區,中和區橋和路、中山路2段332巷口,25.00609,121.49335
238,C000271,蘆洲區,蘆洲區中原路永安南路口,25.081527,121.457389
239,C000272,新店區,新店區寶橋路、中興路口,24.976025,121.547006
240,C000273,樹林區,樹林區學府路、大義路口(三鶯二橋),24.949691,121.376164
241,C000274,樹林區,樹林區大義路柑園路二段,24.95231,121.37462
242,C000275,汐止區,汐止區大同路、同興路,25.05958,121.63914
243,C000276,汐止區,汐止區大同路、樟樹二路口,25.0601,121.64027
244,C000277,汐止區,汐止區大同路、樟樹一路口,25.06104,121.64235
245,C000278,汐止區,汐止區大同路、南興路口,25.06397,121.65162
246,C000279,汐止區,汐止區大同路、信義路口,25.06934,121.66225
247,C000280,汐止區,汐止區大同路、鄉長路一段,25.07322,121.66526
248,C000281,汐止區,汐止區大同路、中國貨櫃,25.07547,121.6738
249,C000282,汐止區,汐止區大同路、汐平路,25.07117,121.68059
250,C000283,汐止區,汐止區大同路、保新街,25.07348,121.68363
251,C000284,三重區,三重區環河路、三信路,25.08989,121.49238
252,C000285,五股區,五股區成泰路、新五路,25.09008,121.44413
253,C000286,三峽區,三峽區台3線、台7乙,24.91004,121.36592
254,C000287,三峽區,三峽區中正路、中園街,24.91916,121.366955
255,C000288,淡水區,中正東路二段143巷,25.14762,121.45961
256,C000289,三峽區,三峽區文化路、中山路,24.93565,121.36603
257,C000290,板橋區,板橋區華翠橋(三民路上方路南向燈桿),25.023895,121.478566
258,C000291,板橋區,板橋區民權路、民族路,25.00939,121.463155
259,C000292,中和區,中和區中山路民有街口,25.005852,121.475561
260,C000293,板橋區,板橋區縣民大道新站路口,25.014526,121.465559
261,C000294,板橋區,板橋區縣民大道板新路口,25.016205,121.467868
262,C000295,瑞芳區,瑞芳區瑞金公路、9號停車場,25.1108397118,121.8293258751
263,C000296,淡水區,淡水區中正東路2段105巷口,25.151447,121.45945
264,C000297,淡水區,淡水區中正東路八勢路,25.153368,121.45937
265,C000298,淡水區,淡水區中正東路、坪頂路,25.159485,121.454928
266,C000299,淡水區,淡水區民生路、民權路,25.137734,121.45989
267,C000300,新莊區,新莊區中正路、大觀街,25.03647,121.453687
268,C000301,新莊區,新莊區新北大道、思源路,25.060581,121.460023
269,C000302,樹林區,樹林區博愛街240號、瑋鋒科技前,24.987104,121.423935
270,C000303,新莊區,新莊區中正路、新樹路,25.033448,121.4411867
271,C000304,汐止區,汐止區民權路一段、橫科路,25.050443,121.619583
272,C000310,樹林區,樹林區中正路、三龍街,25.018208,121.408929
273,C000311,蘆洲區,蘆洲區中原路、長安街口,25.082544,121.459685
274,C000312,淡水區,淡水區中正路、中正路1段8巷,25.175618,121.428174
275,C000313,新店區,新店區安康路與車子路口,24.957994,121.504821
276,C000314,新店區,新店區安一路安捷路口,24.957884,121.515073
277,C000315,新店區,新店區安一路安忠路口,24.954855,121.509552
278,C000316,新店區,新店區安一路車子路口,24.954473,121.504678
279,C000317,新店區,新店區安康路2段安祥路口,24.954056,121.494184
280,C000318,新店區,新店區安一路安祥路口,24.952448,121.495908
281,C000319,板橋區,站前路、板橋公車站,25.013156,121.46194
282,C000320,板橋區,橋頭路(第十河川局門口),24.993941,121.446884
283,C000321,新店區,新店區安一路安康路1段口,24.963864,121.51997
284,C000322,新店區,新店區安一路玫瑰路口,24.951057,121.494057
285,C000323,新店區,新店區車子路祥和路口,24.959805,121.504444
286,C000325,新店區,新店區祥和路安德街60巷口,24.963822,121.511107
287,C000326,新店區,新店區祥和路安興路,24.977487,121.51517
288,C000329,林口區,林口區文化二路、八德路,25.065779,121.364176
289,C000330,汐止區,北山大橋,25.0549,121.623926
290,C000339,林口區,文化一路、麗園一街,25.072735,121.375523
291,C000347,林口區,南勢街、南勢四街,25.076291,121.357505
292,C000375,板橋區,文化路、漢生東路,25.017583,121.464238
293,C000376,淡水區,觀海路、中正路,25.185719,121.417681
294,C000377,淡水區,中正路二段、50巷,25.183078,121.419423
295,C000378,新莊區,中央路、中港路,25.058881,121.45016
296,C000379,泰山區,新北大道、中信街,25.059333,121.446833
297,C000381,新莊區,中央路、中信街,25.057907,121.447568
298,C000382,新莊區,新北大道、中華路三段,25.060358,121.451135
299,C000383,新莊區,思源路、中原路,25.054389,121.459743
300,C000384,鶯歌區,西湖路、大湖路,25.035122,121.468175
301,C000387,板橋區,文化路與民權路口,25.012661,121.460039
302,C000388,板橋區,縣民大道與民權路口,25.011289,121.461882
303,C000389,汐止區,中興路、福德一路,25.064267,121.632848
304,C000390,汐止區,康寧街、中油加油站,25.06756,121.617787
305,C000397,中和區,景新街與安樂路2巷口,24.991533,121.511713
306,C000398,汐止區,康寧街與明峰街口(西),25.066973,121.625034
307,C000399,汐止區,康寧街與汐湖二橋,25.066422,121.619345
308,C000400,蘆洲區,環河西路四段、華江七路,25.081513,121.457411
309,C000401,淡水區,淡水區新民隧道-北上隧道內,25.186063,121.42793
310,C000402,淡水區,淡水區新民隧道-南下隧道內,25.186174,121.427812
311,C000404,新店區,中正路、環河路,24.991833,121.533243
312,C000405,汐止區,新台五路、大同路(大同路西側14米直立桿),25.057039,121.633264
313,C000406,汐止區,新台五路、大同路(大同路東側6米T字桿),25.057148,121.63351
314,C000407,汐止區,新台五路、大同路(新台五路右轉大同路車道6米直立桿),25.056915,121.634144
315,C000408,汐止交流道,大同路禮門街口,25.067204,121.656902
316,C000409,林口交流道,文化一路忠孝路口,25.069664,121.371153
317,C000410,五股交流道,新五路楓江路口,25.064483,121.438819
318,C000411,三重交流道,三和路三和路125巷口,25.073217,121.492728
319,C000412,三重交流道,三和路重陽路口,25.072618,121.493967
320,C000413,中和交流道,中和中山路中正路口,25.004889,121.484323
321,C000414,中和交流道,中和中正路中正路637巷口,24.994714,121.485475
322,C000415,土城交流道,土城中央路大安路口,24.965359,121.432497
323,C000416,淡水區,中正東路二段/中正東路一段(近端號誌桿),25.1580529152,121.4580106024
324,C000417,淡水區,淡金路/中正東路二段(近端號誌桿),25.1581788705,121.4579276465
325,C000418,淡水區,中正東路一段/中正東路二段(近端號誌桿),25.157893,121.458213
326,C000419,淡水區,中正東路二段/八勢一街(遠端號誌桿),25.1560386463,121.4593171045
327,C000420,淡水區,中正東路一段/中正東路一段127巷(近端號誌桿),25.1592219005,121.4554813832
328,C000421,淡水區,淡金路/坪頂路(遠端號誌桿),25.161135318,121.4562694007
329,C000422,蘆洲區,永安大橋-中原路往西,25.081561,121.457427
330,C000423,蘆洲區,永安大橋-無名路往東,25.081506,121.457373
331,C000424,蘆洲區,永安大橋-永安大橋往南,25.0815279,121.457451
332,C000425,蘆洲區,永安大橋-永安南路往南,25.081506,121.457373
333,C000426,蘆洲區,永安大橋-永安南路往北,25.0815279,121.457451
334,C000427,淡水區,淡金路、北新路,25.180826,121.453198
335,C000428,汐止區,北山大橋與環東分流處,25.054904,121.623411
336,C000429,中和區,環河西路三段/光環路二段(環河西路往新店),25.013809,121.487408
337,C000430,中和區,環河西路三段/光環路二段(光環路),25.013819,121.487571
338,C000431,中和區,環河西路三段/光環路二段(環河西路往新莊),25.013768,121.487392
339,C000432,中和區,環河西路三段/光環路二段(球機-上匝道),25.013814,121.487547
340,C000433,中和區,環河西路三段/中原五街(環河西路往新店),25.012248,121.488069
341,C000434,中和區,環河西路三段/中原五街(中原五街),25.012246,121.488052
342,C000435,中和區,環河西路三段/中原三街(環河西路往新店),25.010733,121.489067
343,C000436,中和區,環河西路三段/中原三街(中原三街),25.010746,121.489039
344,C000437,中和區,環河西路三段/中原三街(球機-環河西路往新店),25.010781,121.489033
345,C000438,中和區,環河西路三段/中原一街(環河西路往新店),25.008848,121.49089
346,C000439,中和區,環河西路三段/中原一街(中原三街),25.008845,121.490874
347,C000440,中和區,環河西路三段/中原街(環河西路往新店),25.008302,121.492179
348,C000441,中和區,環河西路三段/中原街(中原街),25.008171,121.492101
349,C000442,中和區,環河西路三段/中原街(環河西路往新莊),25.008199,121.492082
350,C000443,中和區,環河西路三段/華中橋下(環河西路往新店-近控制器),25.00783,121.495568
351,C000444,中和區,環河西路三段/華中橋下(永和路89巷),25.007637,121.495534
352,C000445,中和區,環河西路三段/華中橋下(立業路),25.007627,121.495191
353,C000446,中和區,環河西路三段/華中橋下(環河西路往新莊),25.007684,121.495151
354,C000447,中和區,環河西路三段/華中橋下(環河西路往新店),25.007807,121.495209
355,C000448,中和區,中原二街/中原六街(中原二街-北),25.012831,121.485772
356,C000449,中和區,中原二街/中原六街(中原六街-東),25.012821,121.485807
357,C000450,中和區,中原二街/中原六街(中原二街-南),25.012793,121.485794
358,C000451,中和區,中原二街/中原六街(中原六街-西),25.012796,121.485769
359,C000452,中和區,中原二街/中原五街(中原二街-北),25.011569,121.486886
360,C000453,中和區,中原二街/中原五街(中原五街-東),25.011552,121.486944
361,C000454,中和區,中原二街/中原五街(中原二街-南),25.011514,121.486925
362,C000455,中和區,中原二街/中原五街(中原五街-西),25.011516,121.486886
363,C000456,中和區,中原街/中板路(中原街-北),25.011742,121.48492
364,C000457,中和區,中原街/中板路(中原街-南),25.011709,121.484945
365,C000458,中和區,中原街/中板路(中板路5巷),25.011657,121.484851
366,C000459,中和區,中原街/中板路(中板路),25.01168,121.484819
367,C000460,中和區,中原街/立業路(中原一街),25.008236,121.490419
368,C000461,中和區,中原街/立業路(中原街-東),25.008091,121.490582
369,C000462,中和區,中原街/立業路(立業路),25.008067,121.490545
370,C000463,中和區,中原街/立業路(中原街-西),25.008203,121.490322
371,C000464,新店區,"北宜路 新烏路(北宜路-往東)",24.951978,121.547628
372,C000465,新店區,"北宜路 新烏路(北宜路-往西)",24.951978,121.547628
373,C000466,新店區,"北宜路 新烏路(新烏路-往北)",24.951884,121.547422
374,C000467,新店區,"北宜路 北宜路56巷(北宜路-往西)",24.951474,121.549331
375,C000468,新店區,北宜路一段往東方向路段(北宜路-往東),24.953093,121.543858
376,C000469,新店區,"新烏路 新烏路26巷 新烏路46巷(新烏路-往北)",24.950004,121.54624
377,C000470,中和區,"中正路 景平路 南山路(景平路-往東)",24.993472,121.503464
378,C000471,中和區,"景平路 安平路(景平路-往西)",24.993124,121.50899
379,C000472,中和區,"景安路 明義街(景安路-往南)",24.995112,121.505346
380,C000473,中和區,"景安路 板南路 和平街(景安路-往北)",24.992136,121.504603
381,C000474,中和區,"南山路 板南路(南山路-往北)",24.992457,121.503955
382,C000475,中和區,"景安路 南山路(南山路-往北)",24.991745,121.504582
383,C000476,中和區,"南山路 捷運路(南山路-往北)",24.991116,121.505206
384,C000477,中和區,"景安路 復興路(景安路-往北)",24.990275,121.503741
385,C000478,中和區,"景平路 景平路385巷(景平路-往南)",24.994594,121.502381
386,C000479,中和區,"景平路 景新街(景平路-往東)",24.992672,121.510517
387,C000480,中和區,"景平路 景平路151巷(景平路-往西)",24.992498,121.513978
388,C000481,中和區,"安樂路 安和路(中正路-往南)",24.993362,121.512008
389,C000482,中和區,"興南路 安樂路 景新街(安樂路-往北, 景新街-往北)",24.991364,121.511743
390,C000483,中和區,"景新街 景新街383巷(景新街-往北)",24.990173,121.512353
391,C000484,中和區,"興南路 信義街(興南路-往北)",24.989948,121.510548
392,C000485,中和區,"景新街 安平路(景新街-往東南, 安平街-往南)",24.993951,121.509045
393,C000486,新店區,"新店區 寶中路、品牌路",24.9796556,121.5460574
394,C000487,新店區,"新店區 中興路、品牌路",24.9770538,121.5465797
395,C000488,汐止區,康寧街、新設匝道,25.075635,121.643337
